{"cameraMode":{"drawMode":0,"name":"Shaded","section":"Shading Mode"},"sceneLighting":true,"audioPlay":false,"sceneViewState":{"showFog":true,"showMaterialUpdate":false,"showSkybox":true,"showFlares":true,"showImageEffects":true,"showParticleSystems":true,"showVisualEffectGraphs":true,"m_FxEnabled":true},"in2DMode":false,"pivot":{"x":0.45693016052246096,"y":-1.11090087890625,"z":0.38336944580078127},"rotation":{"x":-0.09850665926933289,"y":0.8930701613426209,"z":-0.23882868885993958,"w":-0.36835306882858279},"size":11.80000114440918,"orthographic":false}